{"train_losses": [0.22720705757141113, 0.1032539912545681, 0.07995195981144905, 0.0676118905723095, 0.05977476595878601, 0.05243135544419289, 0.04889967209339142, 0.044056845141649245, 0.04231651201844215, 0.03875200814723968, 0.03798677704811096, 0.0339945239841938], "val_losses": [0.08516313232183456, 0.04910698078274727, 0.042005535465478895, 0.03460787578225136, 0.02995857685804367, 0.0338793405175209, 0.01835577383041382, 0.020111283856630326, 0.027209382331371306, 0.01668470833301544, 0.024595643132925032, 0.030596109426021575], "train_accs": [90.9, 96.199, 97.094, 97.597, 97.881, 98.142, 98.231, 98.42, 98.58, 98.659, 98.727, 98.819], "val_accs": [96.6, 98.22, 98.45, 98.705, 98.855, 98.8, 99.405, 99.305, 99.145, 99.315, 99.035, 99.14]}